{"bootstrapKeys":[{"baseLog":5,"glweDimension":2,"inputLweDimension":734,"inputSecretKeyID":1,"level":8,"outputSecretKeyID":0,"polynomialSize":1024,"variance":9.9409770026943975e-32}],"functionName":"main","inputs":[{"encryption":{"encoding":{"crt":[7,8,9,11],"isSigned":true,"precision":12},"secretKeyID":0,"variance":9.9409770026943975e-32},"shape":{"dimensions":[1,12,8,8],"sign":true,"size":768,"width":12}},{"encryption":{"encoding":{"crt":[7,8,9,11],"isSigned":false,"precision":12},"secretKeyID":0,"variance":9.9409770026943975e-32},"shape":{"dimensions":[1,64],"sign":false,"size":64,"width":12}}],"keyswitchKeys":[{"baseLog":1,"inputSecretKeyID":0,"level":15,"outputSecretKeyID":1,"variance":1.0976032036228208e-10}],"outputs":[{"encryption":{"encoding":{"crt":[7,8,9,11],"isSigned":true,"precision":12},"secretKeyID":0,"variance":9.9409770026943975e-32},"shape":{"dimensions":[1,64],"sign":true,"size":64,"width":12}}],"packingKeyswitchKeys":[{"baseLog":13,"glweDimension":2,"inputLweDimension":2048,"inputSecretKeyID":0,"level":3,"outputSecretKeyID":0,"polynomialSize":1024,"variance":9.9409770026943975e-32}],"secretKeys":[{"dimension":2048},{"dimension":734}]}